purpose_of_flight,percentage
business,26.593625498007967
commercial,7.281105990783409
government,24.623655913978496
instructional,9.717897914897632
private,21.18419743258036
